EXT_SOURCE_1,EXT_SOURCE_2,EXT_SOURCE_3,DAYS_BIRTH,DAYS_EMPLOYED,DEBT_RATIO
5.240799484750222,6.12255955054296,5.811859183023564,4.8755222080794205,1.1089398535411898,0.9612538016712062
3.927753572536651,4.806257600607556,4.357309268110204,4.169012444495969,0.8912038580019952,0.9876555023178543
